User-Agent,Cookie,Count
PostmanRuntime/7.28.3,57f6510c-40f3-11ec-9f60-a51ffaa1ccbc,22
PostmanRuntime/7.28.3,7fbc3260-440e-11ec-872a-477c992f6407,1
PostmanRuntime/7.28.3,d435fa38-440e-11ec-872a-477c992f6407,1
PostmanRuntime/7.28.3,78445bea-4411-11ec-872a-477c992f6407,1
PostmanRuntime/7.28.3,a96dbeaa-4411-11ec-872a-477c992f6407,1
PostmanRuntime/7.28.3,2113d7aa-4412-11ec-872a-477c992f6407,1
PostmanRuntime/7.28.3,648f4140-4412-11ec-872a-477c992f6407,1
"Mozilla/5.0 (X11; Linux x86_64) AppleWebKit/537.36 (KHTML, like Gecko) Chrome/95.0.4638.69 Safari/537.36",66093df0-4412-11ec-872a-477c992f6407,1
PostmanRuntime/7.28.3,9c86f5ce-4413-11ec-872a-477c992f6407,1
"Mozilla/5.0 (X11; Linux x86_64) AppleWebKit/537.36 (KHTML, like Gecko) Chrome/95.0.4638.69 Safari/537.36",a1fe8968-4413-11ec-872a-477c992f6407,1
PostmanRuntime/7.28.3,5f2df47e-4414-11ec-872a-477c992f6407,1
"Mozilla/5.0 (X11; Linux x86_64) AppleWebKit/537.36 (KHTML, like Gecko) Chrome/95.0.4638.69 Safari/537.36",65bfcaf6-4414-11ec-872a-477c992f6407,1
"Mozilla/5.0 (X11; Linux x86_64) AppleWebKit/537.36 (KHTML, like Gecko) Chrome/95.0.4638.69 Safari/537.36",65c3ff22-4414-11ec-872a-477c992f6407,1
PostmanRuntime/7.28.3,8f01aac4-4414-11ec-872a-477c992f6407,1
"Mozilla/5.0 (X11; Linux x86_64) AppleWebKit/537.36 (KHTML, like Gecko) Chrome/95.0.4638.69 Safari/537.36",903620d2-4414-11ec-872a-477c992f6407,1
PostmanRuntime/7.28.3,eac6e4d2-4414-11ec-872a-477c992f6407,1
"Mozilla/5.0 (X11; Linux x86_64) AppleWebKit/537.36 (KHTML, like Gecko) Chrome/95.0.4638.69 Safari/537.36",0862c6e6-4415-11ec-872a-477c992f6407,1
"Mozilla/5.0 (X11; Linux x86_64) AppleWebKit/537.36 (KHTML, like Gecko) Chrome/95.0.4638.69 Safari/537.36",1e9d9a94-4415-11ec-872a-477c992f6407,1
PostmanRuntime/7.28.3,1e9e6816-4415-11ec-872a-477c992f6407,1
"Mozilla/5.0 (X11; Linux x86_64) AppleWebKit/537.36 (KHTML, like Gecko) Chrome/95.0.4638.69 Safari/537.36",1f46aa94-4415-11ec-872a-477c992f6407,1
"Mozilla/5.0 (X11; Linux x86_64) AppleWebKit/537.36 (KHTML, like Gecko) Chrome/95.0.4638.69 Safari/537.36",312d09a6-4415-11ec-872a-477c992f6407,1
PostmanRuntime/7.28.3,dc2c7e9a-4415-11ec-872a-477c992f6407,1
"Mozilla/5.0 (X11; Linux x86_64) AppleWebKit/537.36 (KHTML, like Gecko) Chrome/95.0.4638.69 Safari/537.36",e23c0b34-4415-11ec-872a-477c992f6407,1
"Mozilla/5.0 (X11; Linux x86_64) AppleWebKit/537.36 (KHTML, like Gecko) Chrome/95.0.4638.69 Safari/537.36",525b86e2-4416-11ec-872a-477c992f6407,1
"Mozilla/5.0 (X11; Linux x86_64) AppleWebKit/537.36 (KHTML, like Gecko) Chrome/95.0.4638.69 Safari/537.36",55409a82-4416-11ec-872a-477c992f6407,1
PostmanRuntime/7.28.3,55411958-4416-11ec-872a-477c992f6407,1
"Mozilla/5.0 (X11; Linux x86_64) AppleWebKit/537.36 (KHTML, like Gecko) Chrome/95.0.4638.69 Safari/537.36",38da7abc-449c-11ec-bada-33e63d2abb35,1
"Mozilla/5.0 (X11; Linux x86_64) AppleWebKit/537.36 (KHTML, like Gecko) Chrome/95.0.4638.69 Safari/537.36",38da7abd-449c-11ec-bada-33e63d2abb35,1
"Mozilla/5.0 (X11; Linux x86_64) AppleWebKit/537.36 (KHTML, like Gecko) Chrome/95.0.4638.69 Safari/537.36",3bd74fe2-449c-11ec-bada-33e63d2abb35,1
"Mozilla/5.0 (X11; Linux x86_64) AppleWebKit/537.36 (KHTML, like Gecko) Chrome/95.0.4638.69 Safari/537.36",a8ff5b1e-449c-11ec-bada-33e63d2abb35,1
"Mozilla/5.0 (X11; Linux x86_64) AppleWebKit/537.36 (KHTML, like Gecko) Chrome/95.0.4638.69 Safari/537.36",b4368bd8-449c-11ec-bada-33e63d2abb35,1
"Mozilla/5.0 (X11; Linux x86_64) AppleWebKit/537.36 (KHTML, like Gecko) Chrome/95.0.4638.69 Safari/537.36",c2b08bf0-449c-11ec-bada-33e63d2abb35,1
"Mozilla/5.0 (X11; Linux x86_64) AppleWebKit/537.36 (KHTML, like Gecko) Chrome/95.0.4638.69 Safari/537.36",0703aee0-449d-11ec-bada-33e63d2abb35,1
python-requests/2.25.1,2b9b10c0-449f-11ec-bada-33e63d2abb35,1
python-requests/2.25.1,64d44a0a-449f-11ec-bada-33e63d2abb35,1
python-requests/2.25.1,9a8ff9f0-449f-11ec-bada-33e63d2abb35,1
python-requests/2.25.1,c307d2fe-449f-11ec-bada-33e63d2abb35,1
python-requests/2.25.1,04329a52-44a0-11ec-bada-33e63d2abb35,1
python-requests/2.25.1,005783d2-44a2-11ec-bada-33e63d2abb35,1
python-requests/2.25.1,93332d3c-44a2-11ec-bada-33e63d2abb35,1
python-requests/2.25.1,cafd75b0-44a2-11ec-bada-33e63d2abb35,1
python-requests/2.25.1,4c566fcc-44a3-11ec-bada-33e63d2abb35,1
"Mozilla/5.0 (X11; Linux x86_64) AppleWebKit/537.36 (KHTML, like Gecko) Chrome/95.0.4638.69 Safari/537.36",89d2a514-44a3-11ec-bada-33e63d2abb35,1
"Mozilla/5.0 (X11; Linux x86_64) AppleWebKit/537.36 (KHTML, like Gecko) Chrome/95.0.4638.69 Safari/537.36",92e4fd5a-44a3-11ec-bada-33e63d2abb35,1
"Mozilla/5.0 (X11; Linux x86_64) AppleWebKit/537.36 (KHTML, like Gecko) Chrome/95.0.4638.69 Safari/537.36",a139bd32-44a3-11ec-bada-33e63d2abb35,1
python-requests/2.25.1,b22d2caa-44a8-11ec-bada-33e63d2abb35,1
python-requests/2.25.1,b22e7dbc-44a8-11ec-bada-33e63d2abb35,1
python-requests/2.25.1,ef992814-44a8-11ec-bada-33e63d2abb35,1
python-requests/2.25.1,ef99c684-44a8-11ec-bada-33e63d2abb35,1
python-requests/2.25.1,f5d7b6e6-44a8-11ec-bada-33e63d2abb35,1
python-requests/2.25.1,f5d8b97e-44a8-11ec-bada-33e63d2abb35,1
python-requests/2.25.1,fe5e46ae-44a8-11ec-bada-33e63d2abb35,1
python-requests/2.25.1,fe5f1a16-44a8-11ec-bada-33e63d2abb35,1
"Mozilla/5.0 (X11; Linux x86_64) AppleWebKit/537.36 (KHTML, like Gecko) Chrome/95.0.4638.69 Safari/537.36",1cfacda4-44e4-11ec-b17e-c90aafc4dcb4,1
"Mozilla/5.0 (X11; Linux x86_64) AppleWebKit/537.36 (KHTML, like Gecko) Chrome/95.0.4638.69 Safari/537.36",213f78b0-44e4-11ec-b17e-c90aafc4dcb4,1
"Mozilla/5.0 (X11; Linux x86_64) AppleWebKit/537.36 (KHTML, like Gecko) Chrome/95.0.4638.69 Safari/537.36",21de21ea-44e4-11ec-b17e-c90aafc4dcb4,1
"Mozilla/5.0 (X11; Linux x86_64) AppleWebKit/537.36 (KHTML, like Gecko) Chrome/95.0.4638.69 Safari/537.36",23824b7a-44e4-11ec-b17e-c90aafc4dcb4,1
"Mozilla/5.0 (X11; Linux x86_64) AppleWebKit/537.36 (KHTML, like Gecko) Chrome/95.0.4638.69 Safari/537.36",2422337e-44e4-11ec-b17e-c90aafc4dcb4,1
"Mozilla/5.0 (X11; Linux x86_64) AppleWebKit/537.36 (KHTML, like Gecko) Chrome/95.0.4638.69 Safari/537.36",275697ce-44e4-11ec-b17e-c90aafc4dcb4,1
"Mozilla/5.0 (X11; Linux x86_64) AppleWebKit/537.36 (KHTML, like Gecko) Chrome/95.0.4638.69 Safari/537.36",4508706c-44e4-11ec-b17e-c90aafc4dcb4,1
"Mozilla/5.0 (X11; Linux x86_64) AppleWebKit/537.36 (KHTML, like Gecko) Chrome/95.0.4638.69 Safari/537.36",deadf886-44e4-11ec-b17e-c90aafc4dcb4,1
"Mozilla/5.0 (X11; Linux x86_64) AppleWebKit/537.36 (KHTML, like Gecko) Chrome/95.0.4638.69 Safari/537.36",df4cd5aa-44e4-11ec-b17e-c90aafc4dcb4,1
"Mozilla/5.0 (X11; Linux x86_64) AppleWebKit/537.36 (KHTML, like Gecko) Chrome/95.0.4638.69 Safari/537.36",e24b19c4-44e4-11ec-b17e-c90aafc4dcb4,1
"Mozilla/5.0 (X11; Linux x86_64) AppleWebKit/537.36 (KHTML, like Gecko) Chrome/95.0.4638.69 Safari/537.36",27136926-44e5-11ec-b17e-c90aafc4dcb4,1
"Mozilla/5.0 (X11; Linux x86_64) AppleWebKit/537.36 (KHTML, like Gecko) Chrome/95.0.4638.69 Safari/537.36",2720708a-44e5-11ec-b17e-c90aafc4dcb4,1
"Mozilla/5.0 (X11; Linux x86_64) AppleWebKit/537.36 (KHTML, like Gecko) Chrome/95.0.4638.69 Safari/537.36",5e128d76-44e5-11ec-b17e-c90aafc4dcb4,1
python-requests/2.25.1,5df4066c-4585-11ec-94ff-5fb05b379f3d,1
python-requests/2.25.1,771696e6-4585-11ec-94ff-5fb05b379f3d,1
python-requests/2.25.1,84e894ae-4585-11ec-94ff-5fb05b379f3d,1
python-requests/2.25.1,8e660a48-4585-11ec-94ff-5fb05b379f3d,1
python-requests/2.25.1,8e66738e-4585-11ec-94ff-5fb05b379f3d,1
python-requests/2.25.1,1bcd8488-4586-11ec-94ff-5fb05b379f3d,1
python-requests/2.25.1,1bcdeb76-4586-11ec-94ff-5fb05b379f3d,1
python-requests/2.25.1,1bce4710-4586-11ec-94ff-5fb05b379f3d,1
python-requests/2.25.1,50012746-4586-11ec-94ff-5fb05b379f3d,1
python-requests/2.25.1,5001e834-4586-11ec-94ff-5fb05b379f3d,1
python-requests/2.25.1,50023780-4586-11ec-94ff-5fb05b379f3d,1
python-requests/2.25.1,84d754ea-4586-11ec-94ff-5fb05b379f3d,1
python-requests/2.25.1,84d7bc82-4586-11ec-94ff-5fb05b379f3d,1
python-requests/2.25.1,84d81984-4586-11ec-94ff-5fb05b379f3d,1
python-requests/2.25.1,84d8c302-4586-11ec-94ff-5fb05b379f3d,1
python-requests/2.25.1,84d950d8-4586-11ec-94ff-5fb05b379f3d,1
python-requests/2.25.1,84d9f47a-4586-11ec-94ff-5fb05b379f3d,1
python-requests/2.25.1,84da970e-4586-11ec-94ff-5fb05b379f3d,1
python-requests/2.25.1,84dba5a4-4586-11ec-94ff-5fb05b379f3d,1
python-requests/2.25.1,c77946b4-4586-11ec-94ff-5fb05b379f3d,1
python-requests/2.25.1,c779b0b8-4586-11ec-94ff-5fb05b379f3d,1
python-requests/2.25.1,c77a059a-4586-11ec-94ff-5fb05b379f3d,1
python-requests/2.25.1,c77a8ec0-4586-11ec-94ff-5fb05b379f3d,1
python-requests/2.25.1,c77b2330-4586-11ec-94ff-5fb05b379f3d,1
python-requests/2.25.1,c77b8cb2-4586-11ec-94ff-5fb05b379f3d,1
python-requests/2.25.1,c77c2348-4586-11ec-94ff-5fb05b379f3d,1
python-requests/2.25.1,c77cae12-4586-11ec-94ff-5fb05b379f3d,1
python-requests/2.25.1,00dee59e-4587-11ec-94ff-5fb05b379f3d,1
python-requests/2.25.1,0e10bbca-4587-11ec-94ff-5fb05b379f3d,1
python-requests/2.25.1,0e113320-4587-11ec-94ff-5fb05b379f3d,1
python-requests/2.25.1,0e1195a4-4587-11ec-94ff-5fb05b379f3d,1
python-requests/2.25.1,0e122faa-4587-11ec-94ff-5fb05b379f3d,1
python-requests/2.25.1,0e1305ce-4587-11ec-94ff-5fb05b379f3d,1
python-requests/2.25.1,0e13b762-4587-11ec-94ff-5fb05b379f3d,1
python-requests/2.25.1,0e14b068-4587-11ec-94ff-5fb05b379f3d,1
python-requests/2.25.1,0e154d66-4587-11ec-94ff-5fb05b379f3d,1
python-requests/2.25.1,3978f85e-4587-11ec-94ff-5fb05b379f3d,1
python-requests/2.25.1,39796596-4587-11ec-94ff-5fb05b379f3d,1
python-requests/2.25.1,3979c7f2-4587-11ec-94ff-5fb05b379f3d,1
python-requests/2.25.1,397a6630-4587-11ec-94ff-5fb05b379f3d,1
python-requests/2.25.1,397aef9c-4587-11ec-94ff-5fb05b379f3d,1
python-requests/2.25.1,397b9320-4587-11ec-94ff-5fb05b379f3d,1
python-requests/2.25.1,397c40b8-4587-11ec-94ff-5fb05b379f3d,1
python-requests/2.25.1,397d23fc-4587-11ec-94ff-5fb05b379f3d,1
python-requests/2.25.1,59ce34b6-4587-11ec-94ff-5fb05b379f3d,1
python-requests/2.25.1,59cea7f2-4587-11ec-94ff-5fb05b379f3d,1
python-requests/2.25.1,59cf05e4-4587-11ec-94ff-5fb05b379f3d,1
python-requests/2.25.1,59cfa152-4587-11ec-94ff-5fb05b379f3d,1
python-requests/2.25.1,59d07a3c-4587-11ec-94ff-5fb05b379f3d,1
python-requests/2.25.1,59d1129e-4587-11ec-94ff-5fb05b379f3d,1
python-requests/2.25.1,59d183aa-4587-11ec-94ff-5fb05b379f3d,1
python-requests/2.25.1,59d23cd2-4587-11ec-94ff-5fb05b379f3d,1
python-requests/2.25.1,7f02b3a6-4587-11ec-94ff-5fb05b379f3d,1
python-requests/2.25.1,7f0322c8-4587-11ec-94ff-5fb05b379f3d,1
python-requests/2.25.1,7f037854-4587-11ec-94ff-5fb05b379f3d,1
python-requests/2.25.1,7f0411ec-4587-11ec-94ff-5fb05b379f3d,1
python-requests/2.25.1,7f04c042-4587-11ec-94ff-5fb05b379f3d,1
python-requests/2.25.1,7f05e4d6-4587-11ec-94ff-5fb05b379f3d,1
python-requests/2.25.1,7f06fa7e-4587-11ec-94ff-5fb05b379f3d,1
python-requests/2.25.1,7f07d052-4587-11ec-94ff-5fb05b379f3d,1
python-requests/2.25.1,f457bbd8-4587-11ec-94ff-5fb05b379f3d,1
python-requests/2.25.1,f4583702-4587-11ec-94ff-5fb05b379f3d,1
python-requests/2.25.1,f4588f54-4587-11ec-94ff-5fb05b379f3d,1
python-requests/2.25.1,f45912ee-4587-11ec-94ff-5fb05b379f3d,1
python-requests/2.25.1,f459aab0-4587-11ec-94ff-5fb05b379f3d,1
python-requests/2.25.1,f45a8ac0-4587-11ec-94ff-5fb05b379f3d,1
python-requests/2.25.1,f45afe9c-4587-11ec-94ff-5fb05b379f3d,1
python-requests/2.25.1,f45c0d5a-4587-11ec-94ff-5fb05b379f3d,1
python-requests/2.25.1,3e9d949c-4588-11ec-94ff-5fb05b379f3d,1
python-requests/2.25.1,3e9e09fe-4588-11ec-94ff-5fb05b379f3d,1
python-requests/2.25.1,3e9e6b56-4588-11ec-94ff-5fb05b379f3d,1
python-requests/2.25.1,3e9ef13e-4588-11ec-94ff-5fb05b379f3d,1
python-requests/2.25.1,3e9f93e6-4588-11ec-94ff-5fb05b379f3d,1
python-requests/2.25.1,3ea0100a-4588-11ec-94ff-5fb05b379f3d,1
python-requests/2.25.1,3ea07734-4588-11ec-94ff-5fb05b379f3d,1
python-requests/2.25.1,3ea0e6ce-4588-11ec-94ff-5fb05b379f3d,1
python-requests/2.25.1,4d5f8378-4588-11ec-94ff-5fb05b379f3d,1
python-requests/2.25.1,4d5ffa42-4588-11ec-94ff-5fb05b379f3d,1
python-requests/2.25.1,4d605ee2-4588-11ec-94ff-5fb05b379f3d,1
python-requests/2.25.1,4d610900-4588-11ec-94ff-5fb05b379f3d,1
python-requests/2.25.1,4d61bd5a-4588-11ec-94ff-5fb05b379f3d,1
python-requests/2.25.1,4d626c46-4588-11ec-94ff-5fb05b379f3d,1
python-requests/2.25.1,4d62dbf4-4588-11ec-94ff-5fb05b379f3d,1
python-requests/2.25.1,4d637f96-4588-11ec-94ff-5fb05b379f3d,1
python-requests/2.25.1,bccdf0b4-4588-11ec-94ff-5fb05b379f3d,1
python-requests/2.25.1,bcce6224-4588-11ec-94ff-5fb05b379f3d,1
python-requests/2.25.1,bcceb59e-4588-11ec-94ff-5fb05b379f3d,1
python-requests/2.25.1,bccf5bac-4588-11ec-94ff-5fb05b379f3d,1
python-requests/2.25.1,bccfed56-4588-11ec-94ff-5fb05b379f3d,1
python-requests/2.25.1,bcd0a8c2-4588-11ec-94ff-5fb05b379f3d,1
python-requests/2.25.1,bcd16df2-4588-11ec-94ff-5fb05b379f3d,1
python-requests/2.25.1,bcd230ca-4588-11ec-94ff-5fb05b379f3d,1
python-requests/2.25.1,d80ebdee-4589-11ec-94ff-5fb05b379f3d,1
python-requests/2.25.1,320681d0-471d-11ec-8278-8bb1c45803ee,1
python-requests/2.25.1,32217292-471d-11ec-8278-8bb1c45803ee,1
python-requests/2.25.1,3222e4d8-471d-11ec-8278-8bb1c45803ee,1
python-requests/2.25.1,3223c6c8-471d-11ec-8278-8bb1c45803ee,1
python-requests/2.25.1,3224e88c-471d-11ec-8278-8bb1c45803ee,1
python-requests/2.25.1,32261928-471d-11ec-8278-8bb1c45803ee,1
python-requests/2.25.1,32273736-471d-11ec-8278-8bb1c45803ee,1
python-requests/2.25.1,322830e6-471d-11ec-8278-8bb1c45803ee,1
python-requests/2.25.1,32324d56-471d-11ec-8278-8bb1c45803ee,1
python-requests/2.25.1,323384d2-471d-11ec-8278-8bb1c45803ee,1
python-requests/2.25.1,3234ca36-471d-11ec-8278-8bb1c45803ee,1
python-requests/2.25.1,32361800-471d-11ec-8278-8bb1c45803ee,1
python-requests/2.25.1,32378e56-471d-11ec-8278-8bb1c45803ee,1
python-requests/2.25.1,32393990-471d-11ec-8278-8bb1c45803ee,1
python-requests/2.25.1,323ab784-471d-11ec-8278-8bb1c45803ee,1
python-requests/2.25.1,323c222c-471d-11ec-8278-8bb1c45803ee,1
python-requests/2.25.1,46619c14-584d-11ec-bcab-4db68aff608e,1
python-requests/2.25.1,4667ca62-584d-11ec-bcab-4db68aff608e,1
python-requests/2.25.1,466b80b2-584d-11ec-bcab-4db68aff608e,1
python-requests/2.25.1,466d1dfa-584d-11ec-bcab-4db68aff608e,1
python-requests/2.25.1,466e14d0-584d-11ec-bcab-4db68aff608e,1
python-requests/2.25.1,466ef62a-584d-11ec-bcab-4db68aff608e,1
python-requests/2.25.1,466fce42-584d-11ec-bcab-4db68aff608e,1
python-requests/2.25.1,4670aad8-584d-11ec-bcab-4db68aff608e,1
python-requests/2.25.1,467ae3b8-584d-11ec-bcab-4db68aff608e,1
python-requests/2.25.1,467c4e74-584d-11ec-bcab-4db68aff608e,1
python-requests/2.25.1,467d8834-584d-11ec-bcab-4db68aff608e,1
python-requests/2.25.1,467f147e-584d-11ec-bcab-4db68aff608e,1
python-requests/2.25.1,4680caa8-584d-11ec-bcab-4db68aff608e,1
python-requests/2.25.1,4681d876-584d-11ec-bcab-4db68aff608e,1
python-requests/2.25.1,4682e81a-584d-11ec-bcab-4db68aff608e,1
python-requests/2.25.1,468458c6-584d-11ec-bcab-4db68aff608e,1
